{"rain": {"vmin": 0.0, "vmax": 689.0372314453125}, "tmax": {"vmin": 21.84296517318756, "vmax": 44.58277083688707}, "tmin": {"vmin": 10.248819055841933, "vmax": 31.02888599438454}}